distance_A,energy_true_eV,energy_pred_eV
6.630174209406314,-1.1510712351800976,-1.1597243547439575
7.096956324842526,-0.9365049175803506,-0.9689520597457886
7.596601177186494,-0.7545463230808309,-0.6514592170715332
8.131422353304423,-0.5990272237804675,-0.34504038095474243
8.703896391402507,-0.4640652380812753,-0.25591185688972473
9.3166741432802,-0.3456634634812872,-0.25591322779655457
9.972593094984981,-0.24105960918041092,-0.2559131979942322
10.674690518851483,-0.14817551388023276,-0.2559131383895874
11.426217474245506,-0.06566487358122686,-0.25591325759887695
12.230653968782109,0.007578814119369781,-0.2559131383895874
